/*!40101 SET @OLD_CHARACTER_SET_CLIENT=@@CHARACTER_SET_CLIENT */;
/*!40101 SET @OLD_CHARACTER_SET_RESULTS=@@CHARACTER_SET_RESULTS */;
/*!40101 SET @OLD_COLLATION_CONNECTION=@@COLLATION_CONNECTION */;
/*!40101 SET NAMES latin1 */;
/*!40103 SET @OLD_TIME_ZONE=@@TIME_ZONE */;
/*!40103 SET TIME_ZONE='+00:00' */;
/*!40014 SET @OLD_UNIQUE_CHECKS=@@UNIQUE_CHECKS, UNIQUE_CHECKS=0 */;
/*!40014 SET @OLD_FOREIGN_KEY_CHECKS=@@FOREIGN_KEY_CHECKS, FOREIGN_KEY_CHECKS=0 */;
/*!40101 SET @OLD_SQL_MODE=@@SQL_MODE, SQL_MODE='NO_AUTO_VALUE_ON_ZERO' */;
/*!40111 SET @OLD_SQL_NOTES=@@SQL_NOTES, SQL_NOTES=0 */;

DROP SCHEMA IF EXISTS world;
CREATE SCHEMA world;
USE world;
SET AUTOCOMMIT=0;

--
-- Table structure for table `city`
--

DROP TABLE IF EXISTS `city`;
/*!40101 SET @saved_cs_client     = @@character_set_client */;
/*!40101 SET character_set_client = utf8 */;
CREATE TABLE `city` (
  `ID` INT(11) NOT NULL AUTO_INCREMENT,
  `Name` CHAR(35) NOT NULL DEFAULT '',
  `CountryCode` CHAR(3) NOT NULL DEFAULT '',
  `District` CHAR(20) NOT NULL DEFAULT '',
  `Population` INT(11) NOT NULL DEFAULT '0',
  PRIMARY KEY (`ID`),
  KEY `CountryCode` (`CountryCode`),
  CONSTRAINT `city_ibfk_1` FOREIGN KEY (`CountryCode`) REFERENCES `country` (`Code`)
) ENGINE=InnoDB AUTO_INCREMENT=4080 DEFAULT CHARSET=latin1;
/*!40101 SET character_set_client = @saved_cs_client */;

--
-- Dumping data for table `city`
--
-- ORDER BY:  `ID`

INSERT INTO `city` VALUES (653,'Madrid','ESP','Madrid',2879052);
INSERT INTO `city` VALUES (2974,'Paris','FRA','Île-de-France',2125246);
INSERT INTO `city` VALUES (1464,'Roma','ITA','Latium',2643581);
INSERT INTO `city` VALUES (456,'London','GBR','England',7285000);
INSERT INTO `city` VALUES (2914,'Lisboa','PRT','Lisboa',563210);
INSERT INTO `city` VALUES (2401,'Athenai','GRC','Attika',772072);

COMMIT;
--
-- Table structure for table `country`
--

DROP TABLE IF EXISTS `country`;
/*!40101 SET @saved_cs_client     = @@character_set_client */;
/*!40101 SET character_set_client = utf8 */;
CREATE TABLE `country` (
  `Code` CHAR(3) NOT NULL DEFAULT '',
  `Name` CHAR(52) NOT NULL DEFAULT '',
  `Continent` enum('Asia','Europe','North America','Africa','Oceania','Antarctica','South America') NOT NULL DEFAULT 'Asia',
  `Region` CHAR(26) NOT NULL DEFAULT '',
  `SurfaceArea` FLOAT(10,2) NOT NULL DEFAULT '0.00',
  `IndepYear` SMALLINT(6) DEFAULT NULL,
  `Population` INT(11) NOT NULL DEFAULT '0',
  `LifeExpectancy` FLOAT(3,1) DEFAULT NULL,
  `GNP` FLOAT(10,2) DEFAULT NULL,
  `GNPOld` FLOAT(10,2) DEFAULT NULL,
  `LocalName` CHAR(45) NOT NULL DEFAULT '',
  `GovernmentForm` CHAR(45) NOT NULL DEFAULT '',
  `HeadOfState` CHAR(60) DEFAULT NULL,
  `Capital` INT(11) DEFAULT NULL,
  `Code2` CHAR(2) NOT NULL DEFAULT '',
  PRIMARY KEY (`Code`)
) ENGINE=InnoDB DEFAULT CHARSET=latin1;
/*!40101 SET character_set_client = @saved_cs_client */;

--
-- Dumping data for table `country`
--
-- ORDER BY:  `Code`


INSERT INTO `country` VALUES ('ESP','Spain','Europe','Southern Europe',505992.00,1492,39441700,78.8,553233.00,532031.00,'España','Constitutional Monarchy','Felipe II',653,'ES');
INSERT INTO `country` VALUES ('FRA','France','Europe','Western Europe',551500.00,843,59225700,78.8,1424285.00,1392448.00,'France','Republic','Emmanuel Macron',2974,'FR');
INSERT INTO `country` VALUES ('GBR','United Kingdom','Europe','British Islands',242900.00,1066,59623400,77.7,1378330.00,1296830.00,'United Kingdom','Constitutional Monarchy','Elisabeth II',456,'GB');
INSERT INTO `country` VALUES ('GRC','Greece','Europe','Southern Europe',131626.00,1830,10545700,78.4,120724.00,119946.00,'Elláda','Republic','Katerina Sakellaropoulou',2401,'GR');
INSERT INTO `country` VALUES ('PRT','Portugal','Europe','Southern Europe',91982.00,1143,9997600,75.8,105954.00,102133.00,'Portugal','Republic','Marcelo Rebelo de Sousa',2914,'PT');
INSERT INTO `country` VALUES ('ITA','Italy','Europe','Southern Europe',301316.00,1861,57680000,79.0,1161755.00,1145372.00,'Italia','Republic','Carlo Azeglio Ciampi',1464,'IT');

COMMIT;
--
-- Table structure for table `countrylanguage`
--

DROP TABLE IF EXISTS `countrylanguage`;
/*!40101 SET @saved_cs_client     = @@character_set_client */;
/*!40101 SET character_set_client = utf8 */;
CREATE TABLE `countrylanguage` (
  `CountryCode` CHAR(3) NOT NULL DEFAULT '',
  `Language` CHAR(30) NOT NULL DEFAULT '',
  `IsOfficial` enum('T','F') NOT NULL DEFAULT 'F',
  `Percentage` FLOAT(4,1) NOT NULL DEFAULT '0.0',
  PRIMARY KEY (`CountryCode`,`Language`),
  KEY `CountryCode` (`CountryCode`),
  CONSTRAINT `countryLanguage_ibfk_1` FOREIGN KEY (`CountryCode`) REFERENCES `country` (`Code`)
) ENGINE=InnoDB DEFAULT CHARSET=latin1;
/*!40101 SET character_set_client = @saved_cs_client */;

--
-- Dumping data for table `countrylanguage`
--
-- ORDER BY:  `CountryCode`,`Language`

INSERT INTO `countrylanguage` VALUES ('FRA','French','T',93.6);
INSERT INTO `countrylanguage` VALUES ('ITA','Italian','T',94.1);
INSERT INTO `countrylanguage` VALUES ('ESP','Spanish','T',74.4);
INSERT INTO `countrylanguage` VALUES ('GBR','English','T',97.3);
INSERT INTO `countrylanguage` VALUES ('GRC','Greek','T',98.5);
INSERT INTO `countrylanguage` VALUES ('PRT','Portuguese','T',99.0);

COMMIT;

SET AUTOCOMMIT=1;

/*!40103 SET TIME_ZONE=@OLD_TIME_ZONE */;

/*!40101 SET SQL_MODE=@OLD_SQL_MODE */;
/*!40014 SET FOREIGN_KEY_CHECKS=@OLD_FOREIGN_KEY_CHECKS */;
/*!40014 SET UNIQUE_CHECKS=@OLD_UNIQUE_CHECKS */;
/*!40101 SET CHARACTER_SET_CLIENT=@OLD_CHARACTER_SET_CLIENT */;
/*!40101 SET CHARACTER_SET_RESULTS=@OLD_CHARACTER_SET_RESULTS */;
/*!40101 SET COLLATION_CONNECTION=@OLD_COLLATION_CONNECTION */;
/*!40111 SET SQL_NOTES=@OLD_SQL_NOTES */;

-- Dump completed on 2010-09-30 11:01:37
